DATE,FEDFUNDS
2019/12/1,1.55
2020/1/1,1.55
2020/2/1,1.58
2020/3/1,0.65
2020/4/1,0.05
2020/5/1,0.05
2020/6/1,0.08
2020/7/1,0.09
2020/8/1,0.1
2020/9/1,0.09
2020/10/1,0.09
2020/11/1,0.09
2020/12/1,0.09
2021/1/1,0.09
2021/2/1,0.08
2021/3/1,0.07
2021/4/1,0.07
2021/5/1,0.06
2021/6/1,0.08
2021/7/1,0.1
2021/8/1,0.09
2021/9/1,0.08
2021/10/1,0.08
2021/11/1,0.08
2021/12/1,0.08
