DATE,UNRATE
2019/12/1,3.6
2020/1/1,3.5
2020/2/1,3.5
2020/3/1,4.4
2020/4/1,14.7
2020/5/1,13.2
2020/6/1,11
2020/7/1,10.2
2020/8/1,8.4
2020/9/1,7.9
2020/10/1,6.9
2020/11/1,6.7
2020/12/1,6.7
2021/1/1,6.3
2021/2/1,6.2
2021/3/1,6.1
2021/4/1,6.1
2021/5/1,5.8
2021/6/1,5.9
2021/7/1,5.4
2021/8/1,5.2
2021/9/1,4.8
2021/10/1,4.5
2021/11/1,4.2
2021/12/1,3.9
